{
  "project_info": {
    "project_number": "330670676958",
    "project_id": "chitchat-e1c66",
    "storage_bucket": "chitchat-e1c66.appspot.com"
  },
  "client": [
    {
      "client_info": {
        "mobilesdk_app_id": "1:330670676958:android:ddfa6b47388371a9d21b4f",
        "android_client_info": {
          "package_name": "com.example.chitchat"
        }
      },
      "oauth_client": [
        {
          "client_id": "330670676958-m9j7a4tbv2ncvhojjb4s6enfmiat4tph.apps.googleusercontent.com",
          "client_type": 3
        }
      ],
      "api_key": [
        {
          "current_key": "AIzaSyCEIGz3VTYfG06LkxlDHhvH5dpxSBU57yk"
        }
      ],
      "services": {
        "appinvite_service": {
          "other_platform_oauth_client": [
            {
              "client_id": "330670676958-m9j7a4tbv2ncvhojjb4s6enfmiat4tph.apps.googleusercontent.com",
              "client_type": 3
            }
          ]
        }
      }
    }
  ],
  "configuration_version": "1"
}